<annotation>
	<folder>Data</folder>
	<filename>11190001.jpg</filename>
	<path>E:\DataScience\Projects\Number plate detection\Data\11190001.jpg</path>
	<source>
		<database>Unknown</database>
	</source>
	<size>
		<width>640</width>
		<height>480</height>
		<depth>3</depth>
	</size>
	<segmented>0</segmented>
	<object>
		<name>number_plate</name>
		<pose>Unspecified</pose>
		<truncated>0</truncated>
		<difficult>0</difficult>
		<bndbox>
			<xmin>113</xmin>
			<ymin>256</ymin>
			<xmax>147</xmax>
			<ymax>268</ymax>
		</bndbox>
	</object>
	<object>
		<name>number_plate</name>
		<pose>Unspecified</pose>
		<truncated>0</truncated>
		<difficult>0</difficult>
		<bndbox>
			<xmin>302</xmin>
			<ymin>286</ymin>
			<xmax>330</xmax>
			<ymax>294</ymax>
		</bndbox>
	</object>
	<object>
		<name>number_plate</name>
		<pose>Unspecified</pose>
		<truncated>0</truncated>
		<difficult>0</difficult>
		<bndbox>
			<xmin>515</xmin>
			<ymin>303</ymin>
			<xmax>543</xmax>
			<ymax>312</ymax>
		</bndbox>
	</object>
</annotation>
