<annotation>
	<folder>Data</folder>
	<filename>11190002.jpg</filename>
	<path>E:\DataScience\Projects\Number plate detection\Data\11190002.jpg</path>
	<source>
		<database>Unknown</database>
	</source>
	<size>
		<width>640</width>
		<height>480</height>
		<depth>3</depth>
	</size>
	<segmented>0</segmented>
	<object>
		<name>number_plate</name>
		<pose>Unspecified</pose>
		<truncated>0</truncated>
		<difficult>0</difficult>
		<bndbox>
			<xmin>139</xmin>
			<ymin>293</ymin>
			<xmax>178</xmax>
			<ymax>306</ymax>
		</bndbox>
	</object>
	<object>
		<name>number_plate</name>
		<pose>Unspecified</pose>
		<truncated>0</truncated>
		<difficult>0</difficult>
		<bndbox>
			<xmin>325</xmin>
			<ymin>302</ymin>
			<xmax>362</xmax>
			<ymax>311</ymax>
		</bndbox>
	</object>
</annotation>
