<annotation>
	<folder>Data</folder>
	<filename>11190003.jpg</filename>
	<path>E:\DataScience\Projects\Number plate detection\Data\11190003.jpg</path>
	<source>
		<database>Unknown</database>
	</source>
	<size>
		<width>1280</width>
		<height>960</height>
		<depth>3</depth>
	</size>
	<segmented>0</segmented>
	<object>
		<name>number_plate</name>
		<pose>Unspecified</pose>
		<truncated>0</truncated>
		<difficult>0</difficult>
		<bndbox>
			<xmin>243</xmin>
			<ymin>610</ymin>
			<xmax>288</xmax>
			<ymax>630</ymax>
		</bndbox>
	</object>
	<object>
		<name>number_plate</name>
		<pose>Unspecified</pose>
		<truncated>0</truncated>
		<difficult>0</difficult>
		<bndbox>
			<xmin>575</xmin>
			<ymin>675</ymin>
			<xmax>655</xmax>
			<ymax>698</ymax>
		</bndbox>
	</object>
</annotation>
