<annotation>
	<folder>Data</folder>
	<filename>11250014.jpg</filename>
	<path>E:\DataScience\Projects\Number plate detection\Data\11250014.jpg</path>
	<source>
		<database>Unknown</database>
	</source>
	<size>
		<width>1280</width>
		<height>960</height>
		<depth>3</depth>
	</size>
	<segmented>0</segmented>
	<object>
		<name>number_plate</name>
		<pose>Unspecified</pose>
		<truncated>0</truncated>
		<difficult>0</difficult>
		<bndbox>
			<xmin>30</xmin>
			<ymin>446</ymin>
			<xmax>112</xmax>
			<ymax>470</ymax>
		</bndbox>
	</object>
	<object>
		<name>number_plate</name>
		<pose>Unspecified</pose>
		<truncated>0</truncated>
		<difficult>0</difficult>
		<bndbox>
			<xmin>602</xmin>
			<ymin>453</ymin>
			<xmax>675</xmax>
			<ymax>476</ymax>
		</bndbox>
	</object>
	<object>
		<name>number_plate</name>
		<pose>Unspecified</pose>
		<truncated>0</truncated>
		<difficult>0</difficult>
		<bndbox>
			<xmin>1056</xmin>
			<ymin>468</ymin>
			<xmax>1128</xmax>
			<ymax>487</ymax>
		</bndbox>
	</object>
</annotation>
