<annotation>
	<folder>Data</folder>
	<filename>11250011.jpg</filename>
	<path>E:\DataScience\Projects\Number plate detection\Data\11250011.jpg</path>
	<source>
		<database>Unknown</database>
	</source>
	<size>
		<width>1280</width>
		<height>960</height>
		<depth>3</depth>
	</size>
	<segmented>0</segmented>
	<object>
		<name>number_plate</name>
		<pose>Unspecified</pose>
		<truncated>0</truncated>
		<difficult>0</difficult>
		<bndbox>
			<xmin>125</xmin>
			<ymin>468</ymin>
			<xmax>195</xmax>
			<ymax>489</ymax>
		</bndbox>
	</object>
	<object>
		<name>number_plate</name>
		<pose>Unspecified</pose>
		<truncated>0</truncated>
		<difficult>0</difficult>
		<bndbox>
			<xmin>598</xmin>
			<ymin>478</ymin>
			<xmax>663</xmax>
			<ymax>493</ymax>
		</bndbox>
	</object>
	<object>
		<name>number_plate</name>
		<pose>Unspecified</pose>
		<truncated>0</truncated>
		<difficult>0</difficult>
		<bndbox>
			<xmin>1087</xmin>
			<ymin>446</ymin>
			<xmax>1175</xmax>
			<ymax>470</ymax>
		</bndbox>
	</object>
</annotation>
