<annotation>
	<folder>Data</folder>
	<filename>11250015.jpg</filename>
	<path>E:\DataScience\Projects\Number plate detection\Data\11250015.jpg</path>
	<source>
		<database>Unknown</database>
	</source>
	<size>
		<width>1280</width>
		<height>960</height>
		<depth>3</depth>
	</size>
	<segmented>0</segmented>
	<object>
		<name>number_plate</name>
		<pose>Unspecified</pose>
		<truncated>0</truncated>
		<difficult>0</difficult>
		<bndbox>
			<xmin>66</xmin>
			<ymin>449</ymin>
			<xmax>152</xmax>
			<ymax>473</ymax>
		</bndbox>
	</object>
	<object>
		<name>number_plate</name>
		<pose>Unspecified</pose>
		<truncated>0</truncated>
		<difficult>0</difficult>
		<bndbox>
			<xmin>586</xmin>
			<ymin>481</ymin>
			<xmax>660</xmax>
			<ymax>505</ymax>
		</bndbox>
	</object>
	<object>
		<name>number_plate</name>
		<pose>Unspecified</pose>
		<truncated>0</truncated>
		<difficult>0</difficult>
		<bndbox>
			<xmin>1180</xmin>
			<ymin>497</ymin>
			<xmax>1251</xmax>
			<ymax>515</ymax>
		</bndbox>
	</object>
</annotation>
