<annotation>
	<folder>Data</folder>
	<filename>11250012.jpg</filename>
	<path>E:\DataScience\Projects\Number plate detection\Data\11250012.jpg</path>
	<source>
		<database>Unknown</database>
	</source>
	<size>
		<width>1280</width>
		<height>960</height>
		<depth>3</depth>
	</size>
	<segmented>0</segmented>
	<object>
		<name>number_plate</name>
		<pose>Unspecified</pose>
		<truncated>0</truncated>
		<difficult>0</difficult>
		<bndbox>
			<xmin>2</xmin>
			<ymin>389</ymin>
			<xmax>94</xmax>
			<ymax>432</ymax>
		</bndbox>
	</object>
	<object>
		<name>number_plate</name>
		<pose>Unspecified</pose>
		<truncated>0</truncated>
		<difficult>0</difficult>
		<bndbox>
			<xmin>616</xmin>
			<ymin>513</ymin>
			<xmax>713</xmax>
			<ymax>551</ymax>
		</bndbox>
	</object>
</annotation>
