<annotation>
	<folder>Data</folder>
	<filename>11250009.jpg</filename>
	<path>E:\DataScience\Projects\Number plate detection\Data\11250009.jpg</path>
	<source>
		<database>Unknown</database>
	</source>
	<size>
		<width>1280</width>
		<height>960</height>
		<depth>3</depth>
	</size>
	<segmented>0</segmented>
	<object>
		<name>number_plate</name>
		<pose>Unspecified</pose>
		<truncated>0</truncated>
		<difficult>0</difficult>
		<bndbox>
			<xmin>111</xmin>
			<ymin>461</ymin>
			<xmax>162</xmax>
			<ymax>476</ymax>
		</bndbox>
	</object>
	<object>
		<name>number_plate</name>
		<pose>Unspecified</pose>
		<truncated>0</truncated>
		<difficult>0</difficult>
		<bndbox>
			<xmin>605</xmin>
			<ymin>509</ymin>
			<xmax>674</xmax>
			<ymax>526</ymax>
		</bndbox>
	</object>
	<object>
		<name>number_plate</name>
		<pose>Unspecified</pose>
		<truncated>0</truncated>
		<difficult>0</difficult>
		<bndbox>
			<xmin>1169</xmin>
			<ymin>522</ymin>
			<xmax>1250</xmax>
			<ymax>545</ymax>
		</bndbox>
	</object>
</annotation>
