<annotation>
	<folder>Data</folder>
	<filename>11250008.jpg</filename>
	<path>E:\DataScience\Projects\Number plate detection\Data\11250008.jpg</path>
	<source>
		<database>Unknown</database>
	</source>
	<size>
		<width>1280</width>
		<height>960</height>
		<depth>3</depth>
	</size>
	<segmented>0</segmented>
	<object>
		<name>number_plate</name>
		<pose>Unspecified</pose>
		<truncated>0</truncated>
		<difficult>0</difficult>
		<bndbox>
			<xmin>6</xmin>
			<ymin>473</ymin>
			<xmax>104</xmax>
			<ymax>500</ymax>
		</bndbox>
	</object>
	<object>
		<name>number_plate</name>
		<pose>Unspecified</pose>
		<truncated>0</truncated>
		<difficult>0</difficult>
		<bndbox>
			<xmin>769</xmin>
			<ymin>535</ymin>
			<xmax>841</xmax>
			<ymax>554</ymax>
		</bndbox>
	</object>
	<object>
		<name>number_plate</name>
		<pose>Unspecified</pose>
		<truncated>0</truncated>
		<difficult>0</difficult>
		<bndbox>
			<xmin>716</xmin>
			<ymin>248</ymin>
			<xmax>739</xmax>
			<ymax>255</ymax>
		</bndbox>
	</object>
</annotation>
