<annotation>
	<folder>Data</folder>
	<filename>11250006.jpg</filename>
	<path>E:\DataScience\Projects\Number plate detection\Data\11250006.jpg</path>
	<source>
		<database>Unknown</database>
	</source>
	<size>
		<width>1280</width>
		<height>960</height>
		<depth>3</depth>
	</size>
	<segmented>0</segmented>
	<object>
		<name>number_plate</name>
		<pose>Unspecified</pose>
		<truncated>0</truncated>
		<difficult>0</difficult>
		<bndbox>
			<xmin>98</xmin>
			<ymin>464</ymin>
			<xmax>191</xmax>
			<ymax>485</ymax>
		</bndbox>
	</object>
	<object>
		<name>number_plate</name>
		<pose>Unspecified</pose>
		<truncated>0</truncated>
		<difficult>0</difficult>
		<bndbox>
			<xmin>616</xmin>
			<ymin>525</ymin>
			<xmax>692</xmax>
			<ymax>543</ymax>
		</bndbox>
	</object>
</annotation>
