<annotation>
	<folder>Data</folder>
	<filename>11250013.jpg</filename>
	<path>E:\DataScience\Projects\Number plate detection\Data\11250013.jpg</path>
	<source>
		<database>Unknown</database>
	</source>
	<size>
		<width>1280</width>
		<height>960</height>
		<depth>3</depth>
	</size>
	<segmented>0</segmented>
	<object>
		<name>number_plate</name>
		<pose>Unspecified</pose>
		<truncated>0</truncated>
		<difficult>0</difficult>
		<bndbox>
			<xmin>63</xmin>
			<ymin>474</ymin>
			<xmax>145</xmax>
			<ymax>491</ymax>
		</bndbox>
	</object>
	<object>
		<name>number_plate</name>
		<pose>Unspecified</pose>
		<truncated>0</truncated>
		<difficult>0</difficult>
		<bndbox>
			<xmin>547</xmin>
			<ymin>468</ymin>
			<xmax>624</xmax>
			<ymax>491</ymax>
		</bndbox>
	</object>
</annotation>
