<annotation>
	<folder>Data</folder>
	<filename>11250004.jpg</filename>
	<path>E:\DataScience\Projects\Number plate detection\Data\11250004.jpg</path>
	<source>
		<database>Unknown</database>
	</source>
	<size>
		<width>1280</width>
		<height>960</height>
		<depth>3</depth>
	</size>
	<segmented>0</segmented>
	<object>
		<name>number_plate</name>
		<pose>Unspecified</pose>
		<truncated>0</truncated>
		<difficult>0</difficult>
		<bndbox>
			<xmin>90</xmin>
			<ymin>632</ymin>
			<xmax>194</xmax>
			<ymax>739</ymax>
		</bndbox>
	</object>
	<object>
		<name>number_plate</name>
		<pose>Unspecified</pose>
		<truncated>0</truncated>
		<difficult>0</difficult>
		<bndbox>
			<xmin>616</xmin>
			<ymin>532</ymin>
			<xmax>690</xmax>
			<ymax>558</ymax>
		</bndbox>
	</object>
</annotation>
