<annotation>
	<folder>Data</folder>
	<filename>HPIM1299.JPG</filename>
	<path>E:\DataScience\Projects\Number plate detection\Data\HPIM1299.JPG</path>
	<source>
		<database>Unknown</database>
	</source>
	<size>
		<width>1792</width>
		<height>1312</height>
		<depth>3</depth>
	</size>
	<segmented>0</segmented>
	<object>
		<name>number_plate</name>
		<pose>Unspecified</pose>
		<truncated>0</truncated>
		<difficult>0</difficult>
		<bndbox>
			<xmin>879</xmin>
			<ymin>462</ymin>
			<xmax>1276</xmax>
			<ymax>568</ymax>
		</bndbox>
	</object>
</annotation>
