<annotation>
	<folder>Data</folder>
	<filename>HPIM1252.JPG</filename>
	<path>E:\DataScience\Projects\Number plate detection\Data\HPIM1252.JPG</path>
	<source>
		<database>Unknown</database>
	</source>
	<size>
		<width>1792</width>
		<height>1312</height>
		<depth>3</depth>
	</size>
	<segmented>0</segmented>
	<object>
		<name>number_plate</name>
		<pose>Unspecified</pose>
		<truncated>0</truncated>
		<difficult>0</difficult>
		<bndbox>
			<xmin>662</xmin>
			<ymin>492</ymin>
			<xmax>1172</xmax>
			<ymax>615</ymax>
		</bndbox>
	</object>
</annotation>
