<annotation>
	<folder>Data</folder>
	<filename>HPIM0977.JPG</filename>
	<path>E:\DataScience\Projects\Number plate detection\Data\HPIM0977.JPG</path>
	<source>
		<database>Unknown</database>
	</source>
	<size>
		<width>640</width>
		<height>480</height>
		<depth>3</depth>
	</size>
	<segmented>0</segmented>
	<object>
		<name>number_plate</name>
		<pose>Unspecified</pose>
		<truncated>0</truncated>
		<difficult>0</difficult>
		<bndbox>
			<xmin>240</xmin>
			<ymin>153</ymin>
			<xmax>368</xmax>
			<ymax>197</ymax>
		</bndbox>
	</object>
</annotation>
