<annotation>
	<folder>Data</folder>
	<filename>I00002.png</filename>
	<path>E:\DataScience\Projects\Number plate detection\Data\I00002.png</path>
	<source>
		<database>Unknown</database>
	</source>
	<size>
		<width>420</width>
		<height>130</height>
		<depth>3</depth>
	</size>
	<segmented>0</segmented>
	<object>
		<name>number_plate</name>
		<pose>Unspecified</pose>
		<truncated>0</truncated>
		<difficult>0</difficult>
		<bndbox>
			<xmin>44</xmin>
			<ymin>29</ymin>
			<xmax>380</xmax>
			<ymax>105</ymax>
		</bndbox>
	</object>
</annotation>
