<annotation>
	<folder>Data</folder>
	<filename>I00005 (2).png</filename>
	<path>E:\DataScience\Projects\Number plate detection\Data\I00005 (2).png</path>
	<source>
		<database>Unknown</database>
	</source>
	<size>
		<width>156</width>
		<height>51</height>
		<depth>3</depth>
	</size>
	<segmented>0</segmented>
	<object>
		<name>number_plate</name>
		<pose>Unspecified</pose>
		<truncated>0</truncated>
		<difficult>0</difficult>
		<bndbox>
			<xmin>18</xmin>
			<ymin>4</ymin>
			<xmax>143</xmax>
			<ymax>49</ymax>
		</bndbox>
	</object>
</annotation>
