<annotation>
	<folder>Data</folder>
	<filename>I00057.png</filename>
	<path>E:\DataScience\Projects\Number plate detection\Data\I00057.png</path>
	<source>
		<database>Unknown</database>
	</source>
	<size>
		<width>176</width>
		<height>68</height>
		<depth>3</depth>
	</size>
	<segmented>0</segmented>
	<object>
		<name>number_plate</name>
		<pose>Unspecified</pose>
		<truncated>0</truncated>
		<difficult>0</difficult>
		<bndbox>
			<xmin>16</xmin>
			<ymin>13</ymin>
			<xmax>158</xmax>
			<ymax>55</ymax>
		</bndbox>
	</object>
</annotation>
