<annotation>
	<folder>Data</folder>
	<filename>I00013.png</filename>
	<path>E:\DataScience\Projects\Number plate detection\Data\I00013.png</path>
	<source>
		<database>Unknown</database>
	</source>
	<size>
		<width>355</width>
		<height>123</height>
		<depth>3</depth>
	</size>
	<segmented>0</segmented>
	<object>
		<name>number_plate</name>
		<pose>Unspecified</pose>
		<truncated>0</truncated>
		<difficult>0</difficult>
		<bndbox>
			<xmin>32</xmin>
			<ymin>24</ymin>
			<xmax>314</xmax>
			<ymax>99</ymax>
		</bndbox>
	</object>
</annotation>
