<annotation>
	<folder>Data</folder>
	<filename>I00013 (2).png</filename>
	<path>E:\DataScience\Projects\Number plate detection\Data\I00013 (2).png</path>
	<source>
		<database>Unknown</database>
	</source>
	<size>
		<width>230</width>
		<height>84</height>
		<depth>3</depth>
	</size>
	<segmented>0</segmented>
	<object>
		<name>number_plate</name>
		<pose>Unspecified</pose>
		<truncated>0</truncated>
		<difficult>0</difficult>
		<bndbox>
			<xmin>22</xmin>
			<ymin>17</ymin>
			<xmax>209</xmax>
			<ymax>71</ymax>
		</bndbox>
	</object>
</annotation>
