<annotation>
	<folder>Data</folder>
	<filename>I00003.png</filename>
	<path>E:\DataScience\Projects\Number plate detection\Data\I00003.png</path>
	<source>
		<database>Unknown</database>
	</source>
	<size>
		<width>454</width>
		<height>226</height>
		<depth>3</depth>
	</size>
	<segmented>0</segmented>
	<object>
		<name>number_plate</name>
		<pose>Unspecified</pose>
		<truncated>0</truncated>
		<difficult>0</difficult>
		<bndbox>
			<xmin>53</xmin>
			<ymin>26</ymin>
			<xmax>401</xmax>
			<ymax>211</ymax>
		</bndbox>
	</object>
</annotation>
