<annotation>
	<folder>Data</folder>
	<filename>I00011 (2).png</filename>
	<path>E:\DataScience\Projects\Number plate detection\Data\I00011 (2).png</path>
	<source>
		<database>Unknown</database>
	</source>
	<size>
		<width>178</width>
		<height>106</height>
		<depth>3</depth>
	</size>
	<segmented>0</segmented>
	<object>
		<name>number_plate</name>
		<pose>Unspecified</pose>
		<truncated>0</truncated>
		<difficult>0</difficult>
		<bndbox>
			<xmin>26</xmin>
			<ymin>19</ymin>
			<xmax>157</xmax>
			<ymax>88</ymax>
		</bndbox>
	</object>
</annotation>
