<annotation>
	<folder>Data</folder>
	<filename>I00003 (2).png</filename>
	<path>E:\DataScience\Projects\Number plate detection\Data\I00003 (2).png</path>
	<source>
		<database>Unknown</database>
	</source>
	<size>
		<width>179</width>
		<height>80</height>
		<depth>3</depth>
	</size>
	<segmented>0</segmented>
	<object>
		<name>number_plate</name>
		<pose>Unspecified</pose>
		<truncated>1</truncated>
		<difficult>0</difficult>
		<bndbox>
			<xmin>15</xmin>
			<ymin>1</ymin>
			<xmax>162</xmax>
			<ymax>76</ymax>
		</bndbox>
	</object>
</annotation>
