<annotation>
	<folder>Data</folder>
	<filename>I00000.png</filename>
	<path>E:\DataScience\Projects\Number plate detection\Data\I00000.png</path>
	<source>
		<database>Unknown</database>
	</source>
	<size>
		<width>348</width>
		<height>129</height>
		<depth>3</depth>
	</size>
	<segmented>0</segmented>
	<object>
		<name>number_plate</name>
		<pose>Unspecified</pose>
		<truncated>0</truncated>
		<difficult>0</difficult>
		<bndbox>
			<xmin>33</xmin>
			<ymin>13</ymin>
			<xmax>318</xmax>
			<ymax>119</ymax>
		</bndbox>
	</object>
</annotation>
