<annotation>
	<folder>Data</folder>
	<filename>I00004.png</filename>
	<path>E:\DataScience\Projects\Number plate detection\Data\I00004.png</path>
	<source>
		<database>Unknown</database>
	</source>
	<size>
		<width>509</width>
		<height>194</height>
		<depth>3</depth>
	</size>
	<segmented>0</segmented>
	<object>
		<name>number_plate</name>
		<pose>Unspecified</pose>
		<truncated>0</truncated>
		<difficult>0</difficult>
		<bndbox>
			<xmin>49</xmin>
			<ymin>38</ymin>
			<xmax>471</xmax>
			<ymax>171</ymax>
		</bndbox>
	</object>
</annotation>
