<annotation>
	<folder>Data</folder>
	<filename>I00059.png</filename>
	<path>E:\DataScience\Projects\Number plate detection\Data\I00059.png</path>
	<source>
		<database>Unknown</database>
	</source>
	<size>
		<width>338</width>
		<height>94</height>
		<depth>3</depth>
	</size>
	<segmented>0</segmented>
	<object>
		<name>number_plate</name>
		<pose>Unspecified</pose>
		<truncated>0</truncated>
		<difficult>0</difficult>
		<bndbox>
			<xmin>40</xmin>
			<ymin>16</ymin>
			<xmax>305</xmax>
			<ymax>84</ymax>
		</bndbox>
	</object>
</annotation>
