<annotation>
	<folder>Data</folder>
	<filename>I00058.png</filename>
	<path>E:\DataScience\Projects\Number plate detection\Data\I00058.png</path>
	<source>
		<database>Unknown</database>
	</source>
	<size>
		<width>466</width>
		<height>156</height>
		<depth>3</depth>
	</size>
	<segmented>0</segmented>
	<object>
		<name>number_plate</name>
		<pose>Unspecified</pose>
		<truncated>0</truncated>
		<difficult>0</difficult>
		<bndbox>
			<xmin>37</xmin>
			<ymin>35</ymin>
			<xmax>420</xmax>
			<ymax>128</ymax>
		</bndbox>
	</object>
</annotation>
