<annotation>
	<folder>Data</folder>
	<filename>I00006.png</filename>
	<path>E:\DataScience\Projects\Number plate detection\Data\I00006.png</path>
	<source>
		<database>Unknown</database>
	</source>
	<size>
		<width>224</width>
		<height>78</height>
		<depth>3</depth>
	</size>
	<segmented>0</segmented>
	<object>
		<name>number_plate</name>
		<pose>Unspecified</pose>
		<truncated>0</truncated>
		<difficult>0</difficult>
		<bndbox>
			<xmin>43</xmin>
			<ymin>10</ymin>
			<xmax>201</xmax>
			<ymax>69</ymax>
		</bndbox>
	</object>
</annotation>
