<annotation>
	<folder>Data</folder>
	<filename>I00008.png</filename>
	<path>E:\DataScience\Projects\Number plate detection\Data\I00008.png</path>
	<source>
		<database>Unknown</database>
	</source>
	<size>
		<width>314</width>
		<height>128</height>
		<depth>3</depth>
	</size>
	<segmented>0</segmented>
	<object>
		<name>number_plate</name>
		<pose>Unspecified</pose>
		<truncated>0</truncated>
		<difficult>0</difficult>
		<bndbox>
			<xmin>28</xmin>
			<ymin>18</ymin>
			<xmax>289</xmax>
			<ymax>113</ymax>
		</bndbox>
	</object>
</annotation>
