<annotation>
	<folder>Data</folder>
	<filename>I00009.png</filename>
	<path>E:\DataScience\Projects\Number plate detection\Data\I00009.png</path>
	<source>
		<database>Unknown</database>
	</source>
	<size>
		<width>133</width>
		<height>36</height>
		<depth>3</depth>
	</size>
	<segmented>0</segmented>
	<object>
		<name>number_plate</name>
		<pose>Unspecified</pose>
		<truncated>0</truncated>
		<difficult>0</difficult>
		<bndbox>
			<xmin>14</xmin>
			<ymin>12</ymin>
			<xmax>124</xmax>
			<ymax>35</ymax>
		</bndbox>
	</object>
</annotation>
