<annotation>
	<folder>Data</folder>
	<filename>I00011.png</filename>
	<path>E:\DataScience\Projects\Number plate detection\Data\I00011.png</path>
	<source>
		<database>Unknown</database>
	</source>
	<size>
		<width>190</width>
		<height>48</height>
		<depth>3</depth>
	</size>
	<segmented>0</segmented>
	<object>
		<name>number_plate</name>
		<pose>Unspecified</pose>
		<truncated>0</truncated>
		<difficult>0</difficult>
		<bndbox>
			<xmin>22</xmin>
			<ymin>9</ymin>
			<xmax>170</xmax>
			<ymax>40</ymax>
		</bndbox>
	</object>
</annotation>
