<annotation>
	<folder>Data</folder>
	<filename>I00001.png</filename>
	<path>E:\DataScience\Projects\Number plate detection\Data\I00001.png</path>
	<source>
		<database>Unknown</database>
	</source>
	<size>
		<width>394</width>
		<height>138</height>
		<depth>3</depth>
	</size>
	<segmented>0</segmented>
	<object>
		<name>number_plate</name>
		<pose>Unspecified</pose>
		<truncated>0</truncated>
		<difficult>0</difficult>
		<bndbox>
			<xmin>34</xmin>
			<ymin>24</ymin>
			<xmax>353</xmax>
			<ymax>118</ymax>
		</bndbox>
	</object>
</annotation>
