<annotation>
	<folder>Data</folder>
	<filename>I00012.png</filename>
	<path>E:\DataScience\Projects\Number plate detection\Data\I00012.png</path>
	<source>
		<database>Unknown</database>
	</source>
	<size>
		<width>277</width>
		<height>80</height>
		<depth>3</depth>
	</size>
	<segmented>0</segmented>
	<object>
		<name>number_plate</name>
		<pose>Unspecified</pose>
		<truncated>0</truncated>
		<difficult>0</difficult>
		<bndbox>
			<xmin>27</xmin>
			<ymin>17</ymin>
			<xmax>252</xmax>
			<ymax>66</ymax>
		</bndbox>
	</object>
</annotation>
