<annotation>
	<folder>Data</folder>
	<filename>I00000 (2).png</filename>
	<path>E:\DataScience\Projects\Number plate detection\Data\I00000 (2).png</path>
	<source>
		<database>Unknown</database>
	</source>
	<size>
		<width>369</width>
		<height>108</height>
		<depth>3</depth>
	</size>
	<segmented>0</segmented>
	<object>
		<name>number_plate</name>
		<pose>Unspecified</pose>
		<truncated>0</truncated>
		<difficult>0</difficult>
		<bndbox>
			<xmin>38</xmin>
			<ymin>21</ymin>
			<xmax>340</xmax>
			<ymax>100</ymax>
		</bndbox>
	</object>
</annotation>
