<annotation>
	<folder>Data</folder>
	<filename>I00012 (2).png</filename>
	<path>E:\DataScience\Projects\Number plate detection\Data\I00012 (2).png</path>
	<source>
		<database>Unknown</database>
	</source>
	<size>
		<width>217</width>
		<height>112</height>
		<depth>3</depth>
	</size>
	<segmented>0</segmented>
	<object>
		<name>number_plate</name>
		<pose>Unspecified</pose>
		<truncated>0</truncated>
		<difficult>0</difficult>
		<bndbox>
			<xmin>21</xmin>
			<ymin>18</ymin>
			<xmax>204</xmax>
			<ymax>95</ymax>
		</bndbox>
	</object>
</annotation>
