filename,width,height,class,xmin,ymin,xmax,ymax
11190001.jpg,640,480,number_plate,113,256,147,268
11190001.jpg,640,480,number_plate,302,286,330,294
11190001.jpg,640,480,number_plate,515,303,543,312
11190002.jpg,640,480,number_plate,139,293,178,306
11190002.jpg,640,480,number_plate,325,302,362,311
11190003.jpg,1280,960,number_plate,243,610,288,630
11190003.jpg,1280,960,number_plate,575,675,655,698
11250003.jpg,1280,960,number_plate,125,489,196,511
11250003.jpg,1280,960,number_plate,252,227,290,237
11250003.jpg,1280,960,number_plate,560,193,613,213
11250003.jpg,1280,960,number_plate,626,509,698,529
11250003.jpg,1280,960,number_plate,835,201,894,224
11250003.jpg,1280,960,number_plate,1187,542,1263,567
11250004.jpg,1280,960,number_plate,90,632,194,739
11250004.jpg,1280,960,number_plate,616,532,690,558
11250005.jpg,1280,960,number_plate,26,441,102,460
11250005.jpg,1280,960,number_plate,221,213,279,228
11250005.jpg,1280,960,number_plate,631,532,700,558
11250005.jpg,1280,960,number_plate,560,245,597,259
11250005.jpg,1280,960,number_plate,883,222,940,241
11250005.jpg,1280,960,number_plate,1194,560,1274,585
11250005.jpg,1280,960,number_plate,1158,239,1221,259
11250006.jpg,1280,960,number_plate,98,464,191,485
11250006.jpg,1280,960,number_plate,616,525,692,543
11250007.jpg,1280,960,number_plate,88,501,154,533
11250007.jpg,1280,960,number_plate,438,432,475,441
11250007.jpg,1280,960,number_plate,615,509,687,532
11250007.jpg,1280,960,number_plate,897,391,926,401
11250008.jpg,1280,960,number_plate,6,473,104,500
11250008.jpg,1280,960,number_plate,769,535,841,554
11250008.jpg,1280,960,number_plate,716,248,739,255
11250009.jpg,1280,960,number_plate,111,461,162,476
11250009.jpg,1280,960,number_plate,605,509,674,526
11250009.jpg,1280,960,number_plate,1169,522,1250,545
11250010.jpg,1280,960,number_plate,84,424,161,450
11250010.jpg,1280,960,number_plate,86,238,143,253
11250010.jpg,1280,960,number_plate,394,299,441,315
11250010.jpg,1280,960,number_plate,548,460,615,485
11250010.jpg,1280,960,number_plate,860,283,881,289
11250010.jpg,1280,960,number_plate,1158,383,1205,395
11250011.jpg,1280,960,number_plate,125,468,195,489
11250011.jpg,1280,960,number_plate,598,478,663,493
11250011.jpg,1280,960,number_plate,1087,446,1175,470
11250012.jpg,1280,960,number_plate,2,389,94,432
11250012.jpg,1280,960,number_plate,616,513,713,551
11250013.jpg,1280,960,number_plate,63,474,145,491
11250013.jpg,1280,960,number_plate,547,468,624,491
11250014.jpg,1280,960,number_plate,30,446,112,470
11250014.jpg,1280,960,number_plate,602,453,675,476
11250014.jpg,1280,960,number_plate,1056,468,1128,487
11250015.jpg,1280,960,number_plate,66,449,152,473
11250015.jpg,1280,960,number_plate,586,481,660,505
11250015.jpg,1280,960,number_plate,1180,497,1251,515
39.JPG,640,480,number_plate,245,215,382,235
41.JPG,640,480,number_plate,227,209,349,236
42.JPG,640,480,number_plate,280,142,392,170
53.JPG,640,480,number_plate,244,186,380,218
55.JPG,640,480,number_plate,226,195,376,221
60.JPG,640,480,number_plate,282,175,401,210
61.JPG,640,480,number_plate,329,103,433,142
63.JPG,640,480,number_plate,248,163,391,193
64.JPG,640,480,number_plate,244,215,375,243
72.JPG,640,480,number_plate,196,169,358,208
74.JPG,640,480,number_plate,271,183,366,213
75.JPG,640,480,number_plate,316,186,424,213
79.JPG,640,480,number_plate,194,154,345,195
88.JPG,640,480,number_plate,175,201,293,242
89.JPG,640,480,number_plate,274,186,432,220
HPIM0596.JPG,1792,1312,number_plate,642,592,1116,665
HPIM0597.JPG,1792,1312,number_plate,629,325,1042,438
HPIM0598.JPG,1792,1312,number_plate,502,502,1009,665
HPIM0599.JPG,1792,1312,number_plate,679,502,989,592
HPIM0607.JPG,1792,1312,number_plate,576,662,892,752
HPIM0610.JPG,1792,1312,number_plate,662,622,1149,742
HPIM0705.JPG,1792,1312,number_plate,822,668,1219,738
HPIM0767.JPG,1792,1312,number_plate,809,535,1136,595
HPIM0774 ó£áº£á £ñÿ óªÜª ƒª¿¼Öª¼.JPG,1792,1312,number_plate,482,458,836,568
HPIM0799.JPG,1792,1312,number_plate,769,538,1029,598
HPIM0801.JPG,1792,1312,number_plate,772,355,1059,452
HPIM0802.JPG,1792,1312,number_plate,816,452,1152,555
HPIM0810.JPG,1792,1312,number_plate,772,642,1069,715
HPIM0812.JPG,1792,1312,number_plate,1006,282,1292,382
HPIM0814 me megalh paramorfosh.JPG,1792,1312,number_plate,792,422,1126,538
HPIM0815.JPG,1792,1312,number_plate,766,485,1169,575
HPIM0926.JPG,640,480,number_plate,245,255,424,310
HPIM0927.JPG,640,480,number_plate,232,104,404,146
HPIM0941.JPG,640,480,number_plate,202,208,327,250
HPIM0943.JPG,640,480,number_plate,251,106,386,134
HPIM0944.JPG,640,480,number_plate,255,201,340,218
HPIM0958.JPG,640,480,number_plate,241,198,394,249
HPIM0961.JPG,640,480,number_plate,234,178,387,223
HPIM0962.JPG,640,480,number_plate,236,178,402,220
HPIM0963.JPG,640,480,number_plate,289,188,400,226
HPIM0967!!!.JPG,640,480,number_plate,274,130,412,182
HPIM0969!!!!.JPG,640,480,number_plate,287,204,368,221
HPIM0971.JPG,640,480,number_plate,268,213,369,238
HPIM0977.JPG,640,480,number_plate,240,153,368,197
HPIM0987.JPG,640,480,number_plate,299,168,448,222
HPIM0989.JPG,640,480,number_plate,236,195,392,242
HPIM0992.JPG,640,480,number_plate,244,143,385,200
HPIM0993.JPG,640,480,number_plate,269,155,402,201
HPIM0994.JPG,640,480,number_plate,211,217,322,253
HPIM0998.JPG,640,480,number_plate,209,188,366,220
HPIM0999.JPG,640,480,number_plate,222,191,389,227
HPIM1003.JPG,640,480,number_plate,276,162,373,200
HPIM1010.JPG,640,480,number_plate,287,193,392,221
HPIM1011.JPG,640,480,number_plate,245,188,340,204
HPIM1017.JPG,640,480,number_plate,318,180,465,216
HPIM1018.JPG,640,480,number_plate,296,200,379,221
HPIM1019!!!.JPG,640,480,number_plate,319,186,436,211
HPIM1021.JPG,640,480,number_plate,316,214,416,241
HPIM1024.JPG,640,480,number_plate,234,226,428,271
HPIM1025.JPG,640,480,number_plate,255,187,439,221
HPIM1028.JPG,640,480,number_plate,258,226,385,264
HPIM1031.JPG,640,480,number_plate,305,209,421,244
HPIM1032.JPG,640,480,number_plate,259,186,408,208
HPIM1041.JPG,640,480,number_plate,289,202,407,224
HPIM1044.JPG,640,480,number_plate,338,213,487,249
HPIM1052.JPG,640,480,number_plate,296,234,429,277
HPIM1053.JPG,640,480,number_plate,326,194,420,229
HPIM1054.JPG,640,480,number_plate,288,234,438,274
HPIM1057.JPG,640,480,number_plate,320,224,428,255
HPIM1059.JPG,640,480,number_plate,268,197,387,242
HPIM1064.JPG,640,480,number_plate,286,214,418,244
HPIM1066.JPG,640,480,number_plate,292,215,452,247
HPIM1071.JPG,640,480,number_plate,273,210,414,266
HPIM1073.JPG,640,480,number_plate,275,188,416,231
HPIM1083.JPG,640,480,number_plate,298,235,438,260
HPIM1089.JPG,640,480,number_plate,279,190,421,224
HPIM1093.JPG,640,480,number_plate,234,203,440,247
HPIM1097 me thorivo.JPG,640,480,number_plate,299,223,409,246
HPIM1101.JPG,640,480,number_plate,271,263,411,287
HPIM1111 me thorivo.JPG,640,480,number_plate,229,183,393,229
HPIM1116.JPG,640,480,number_plate,318,207,411,247
HPIM1117.JPG,640,480,number_plate,298,215,424,250
HPIM1121 kommena grammata.JPG,640,480,number_plate,281,235,427,266
HPIM1122.JPG,640,480,number_plate,340,240,487,264
HPIM1130.JPG,640,480,number_plate,305,187,452,236
HPIM1132 leipei 1.JPG,640,480,number_plate,279,196,424,246
HPIM1135.JPG,640,480,number_plate,254,226,376,261
HPIM1153.JPG,640,480,number_plate,265,243,392,276
HPIM1166.JPG,640,480,number_plate,285,210,416,243
HPIM1168.JPG,640,480,number_plate,216,202,411,233
HPIM1172.JPG,640,480,number_plate,248,227,394,271
HPIM1177.JPG,640,480,number_plate,208,183,382,249
HPIM1185.JPG,640,480,number_plate,173,211,398,242
HPIM1186 me thoribo.JPG,640,480,number_plate,262,200,438,258
HPIM1192.JPG,1792,1312,number_plate,852,492,1272,622
HPIM1197.JPG,1792,1312,number_plate,829,638,1189,718
HPIM1199.JPG,1792,1312,number_plate,856,488,1232,582
HPIM1217.JPG,1792,1312,number_plate,772,618,1222,735
HPIM1223 paramorfomeno to ena.JPG,1792,1312,number_plate,746,495,1239,682
HPIM1239.JPG,1792,1312,number_plate,816,585,1189,685
HPIM1240.JPG,1792,1312,number_plate,829,558,1146,632
HPIM1246.JPG,1792,1312,number_plate,782,518,1152,592
HPIM1250.JPG,1792,1312,number_plate,779,575,1166,678
HPIM1252.JPG,1792,1312,number_plate,662,492,1172,615
HPIM1253.JPG,1792,1312,number_plate,789,568,1202,668
HPIM1260.JPG,1792,1312,number_plate,726,542,1112,635
HPIM1263 parakmorfosh logo gonias.JPG,1792,1312,number_plate,736,568,1142,685
HPIM1265.JPG,1792,1312,number_plate,749,612,1126,695
HPIM1272.JPG,1792,1312,number_plate,719,705,1166,775
HPIM1274.JPG,1792,1312,number_plate,732,502,1162,645
HPIM1280.JPG,1792,1312,number_plate,742,585,1152,695
HPIM1282.JPG,1792,1312,number_plate,656,528,1156,652
HPIM1283.JPG,1792,1312,number_plate,672,572,1209,705
HPIM1285.JPG,1792,1312,number_plate,776,578,1206,652
HPIM1287.JPG,1792,1312,number_plate,749,595,1166,685
HPIM1289.JPG,1792,1312,number_plate,802,542,1182,668
HPIM1291.JPG,1792,1312,number_plate,779,505,1139,612
HPIM1292.JPG,1792,1312,number_plate,692,542,1182,665
HPIM1293.JPG,1792,1312,number_plate,792,368,1216,445
HPIM1296.JPG,1792,1312,number_plate,732,558,1126,655
HPIM1297.JPG,1792,1312,number_plate,822,542,1186,628
HPIM1299.JPG,1792,1312,number_plate,879,462,1276,568
I00000 (2).png,369,108,number_plate,38,21,340,100
I00000.png,348,129,number_plate,33,13,318,119
I00001.png,394,138,number_plate,34,24,353,118
I00001_2.png,491,146,number_plate,45,18,444,119
I00002 (2).png,149,74,number_plate,12,8,137,64
I00002.png,420,130,number_plate,44,29,380,105
I00003 (2).png,179,80,number_plate,15,1,162,76
I00003.png,454,226,number_plate,53,26,401,211
I00004 (2).png,472,145,number_plate,45,37,436,111
I00004.png,509,194,number_plate,49,38,471,171
I00005 (2).png,156,51,number_plate,18,4,143,49
I00005.png,190,52,number_plate,18,14,167,44
I00006 (2).png,185,119,number_plate,35,30,166,87
I00006.png,224,78,number_plate,43,10,201,69
I00007 (2).png,142,51,number_plate,25,12,130,39
I00007.png,336,138,number_plate,60,23,301,119
I00008 (2).png,211,108,number_plate,14,23,196,94
I00008.png,314,128,number_plate,28,18,289,113
I00009 (2).png,207,68,number_plate,14,12,193,61
I00009.png,133,36,number_plate,14,12,124,35
I00010 (2).png,635,207,number_plate,57,30,588,167
I00010.png,285,82,number_plate,32,18,257,63
I00011 (2).png,178,106,number_plate,26,19,157,88
I00011.png,190,48,number_plate,22,9,170,40
I00012 (2).png,217,112,number_plate,21,18,204,95
I00012.png,277,80,number_plate,27,17,252,66
I00013 (2).png,230,84,number_plate,22,17,209,71
I00013.png,355,123,number_plate,32,24,314,99
I00056.png,196,78,number_plate,15,19,180,61
I00057.png,176,68,number_plate,16,13,158,55
I00058.png,466,156,number_plate,37,35,420,128
I00059.png,338,94,number_plate,40,16,305,84
